condition,ans_acc,ans_changed
all masked (step 0),0.9857500195503235,0.014250000938773155
true reasoning,0.999250054359436,0.0
random reasoning,0.11525000631809235,0.8847500681877136
corrupt r1 only,0.999250054359436,0.0
corrupt r2 only,0.999250054359436,0.0
corrupt r3 only,0.999250054359436,0.0
corrupt r4 only,0.999250054359436,0.0
corrupt r5 only,0.999250054359436,0.0
corrupt r6 only,0.999250054359436,0.0
corrupt r7 only,0.018000001087784767,0.9820000529289246
step0 acc r1,1.0,
step0 acc r2,0.09700000286102295,
step0 acc r3,0.10125000774860382,
step0 acc r4,0.0937500074505806,
step0 acc r5,0.11225000768899918,
step0 acc r6,0.4580000340938568,
step0 acc r7,0.987250030040741,
step0 acc >,1.0,
step0 acc ANS,0.9857500195503235,
