remasking,position,acc,commit,stable
low_confidence,r1,1.0,1.4110000133514404,0.0
low_confidence,r2,1.0,1.7359999418258667,0.0
low_confidence,r3,1.0,2.8529999256134033,0.0
low_confidence,r4,0.5389999747276306,4.320000171661377,3.5
low_confidence,r5,0.5389999747276306,5.133999824523926,4.590000152587891
low_confidence,r6,0.13300000131130219,7.440000057220459,6.474999904632568
low_confidence,r7,0.13300000131130219,7.260000228881836,6.426000118255615
low_confidence,>,1.0,0.0,0.0
low_confidence,ANS,0.1340000033378601,5.8460001945495605,2.1019999980926514
random,r1,1.0,3.996000051498413,0.0
random,r2,1.0,4.034999847412109,0.0
random,r3,1.0,3.9049999713897705,0.0
random,r4,0.1420000046491623,4.084000110626221,2.0999999046325684
random,r5,0.1379999965429306,3.953000068664551,2.1540000438690186
random,r6,0.11400000005960464,4.065000057220459,1.6790000200271606
random,r7,0.11800000071525574,4.0329999923706055,1.6019999980926514
random,>,1.0,4.002999782562256,0.0
random,ANS,0.12300000339746475,3.9260001182556152,1.6679999828338623
