iter,loss
0,2.843853235244751
50,2.0993242263793945
100,2.1652331352233887
150,2.025909662246704
200,2.463256359100342
250,1.825127363204956
300,1.859102487564087
350,2.0088229179382324
400,1.9806387424468994
450,1.8366235494613647
500,1.8354759216308594
550,1.8909003734588623
600,1.8571491241455078
650,2.1393284797668457
700,1.9276893138885498
750,1.7379213571548462
800,1.7207598686218262
850,1.8990650177001953
900,1.8410999774932861
950,1.9460136890411377
1000,1.889221429824829
1050,1.8986408710479736
1100,1.780402660369873
1150,1.697460651397705
1200,2.264235496520996
1250,1.7831683158874512
1300,2.254411220550537
1350,1.8676013946533203
1400,1.8097946643829346
1450,1.7721647024154663
1500,1.6613026857376099
1550,1.838465929031372
1600,1.7238383293151855
1650,1.7933802604675293
1700,1.8104581832885742
1750,1.7147996425628662
1800,1.7114455699920654
1850,1.7685744762420654
1900,1.679520845413208
1950,1.7892138957977295
2000,1.7152100801467896
2050,1.7816367149353027
2100,1.5634050369262695
2150,1.8423244953155518
2200,1.7929900884628296
2250,1.5684752464294434
2300,1.8738865852355957
2350,2.0213277339935303
2400,1.6784412860870361
2450,1.6761071681976318
2500,1.61265230178833
2550,1.6849675178527832
2600,1.6603684425354004
2650,1.7293100357055664
2700,1.6289432048797607
2750,1.4956227540969849
2800,1.6062743663787842
2850,1.7251542806625366
2900,1.5795412063598633
2950,1.5914289951324463
3000,1.5985398292541504
3050,1.5819144248962402
3100,1.6389294862747192
3150,1.4771734476089478
3200,1.5940773487091064
3250,1.5057744979858398
3300,1.5869457721710205
3350,1.65897536277771
3400,1.567089557647705
3450,1.3604228496551514
3500,1.5489871501922607
3550,1.5430710315704346
3600,1.652965784072876
3650,1.6280601024627686
3700,1.4216886758804321
3750,1.6611287593841553
3800,1.5309371948242188
3850,1.5578685998916626
3900,1.699144959449768
3950,1.6177821159362793
4000,1.5798816680908203
4050,1.5807007551193237
4100,1.5655392408370972
4150,1.5101661682128906
4200,1.4675103425979614
4250,1.5390377044677734
4300,1.4196627140045166
4350,1.73989737033844
4400,1.478891134262085
4450,1.5617880821228027
4500,1.5404551029205322
4550,1.6888301372528076
4600,1.5561555624008179
4650,1.6427087783813477
4700,1.3844385147094727
4750,1.483676552772522
4800,1.5388553142547607
4850,1.5198280811309814
4900,1.417088508605957
4950,1.5425357818603516
5000,1.3902292251586914
5050,1.5000250339508057
5100,1.4932199716567993
5150,1.5862537622451782
5200,1.4160809516906738
5250,1.3790204524993896
5300,1.4889097213745117
5350,1.448625087738037
5400,1.475299596786499
5450,1.540574312210083
5500,1.4700806140899658
5550,1.549945592880249
5600,1.5158579349517822
5650,1.4474128484725952
5700,1.595388412475586
5750,1.4930288791656494
5800,1.4825921058654785
5850,1.545522689819336
5900,1.542834758758545
5950,1.5039973258972168
6000,1.5893490314483643
6050,1.5103777647018433
6100,1.4081724882125854
6150,1.4776952266693115
6200,1.391627311706543
6250,1.539820909500122
6300,1.4906065464019775
6350,1.5412366390228271
6400,1.450148105621338
6450,1.6157737970352173
6500,1.443997859954834
6550,1.5919296741485596
6600,1.5871204137802124
6650,1.6201674938201904
6700,1.562331199645996
6750,1.6850099563598633
6800,1.378981113433838
6850,1.537848949432373
6900,1.4859631061553955
6950,1.4949750900268555
7000,1.4399821758270264
7050,1.499183177947998
7100,1.6995738744735718
7150,1.5703200101852417
7200,1.5267961025238037
7250,1.5038135051727295
7300,1.5733096599578857
7350,1.3985354900360107
7400,1.4608769416809082
7450,1.541750192642212
7500,1.532487154006958
7550,1.4875417947769165
7600,1.4612617492675781
7650,1.4243395328521729
7700,1.4823956489562988
7750,1.4986536502838135
7800,1.5422593355178833
7850,1.3152987957000732
7900,1.5871050357818604
7950,1.4968942403793335
8000,1.6415289640426636
8050,1.5228943824768066
8100,1.6153250932693481
8150,1.5222200155258179
8200,1.7393686771392822
8250,1.674926996231079
8300,1.3769989013671875
8350,1.5516235828399658
8400,1.5754739046096802
8450,1.586153507232666
8500,1.4927122592926025
8550,1.5752534866333008
8600,1.3957682847976685
8650,1.2389886379241943
8700,1.345653772354126
8750,1.2656599283218384
8800,1.4388145208358765
8850,1.1866708993911743
8900,1.329362392425537
8950,1.3946751356124878
9000,1.3134562969207764
9050,1.2789998054504395
9100,1.2125872373580933
9150,1.3564603328704834
9200,1.2936125993728638
9250,1.343662142753601
9300,1.245441198348999
9350,1.2431964874267578
9400,1.1944174766540527
9450,1.0859894752502441
9500,1.1935044527053833
9550,1.2737782001495361
9600,1.342568039894104
9650,1.1602126359939575
9700,1.255448818206787
9750,1.1723566055297852
9800,1.133895993232727
9850,1.3751277923583984
9900,1.2722303867340088
9950,1.348097562789917
10000,1.1973812580108643
10050,1.247822880744934
10100,1.2863154411315918
10150,1.2438132762908936
10200,1.303712248802185
10250,1.260636329650879
10300,1.2989895343780518
10350,1.2416273355484009
10400,1.348464012145996
10450,1.1334843635559082
10500,1.2820532321929932
10550,1.012387990951538
10600,1.0655206441879272
10650,0.9789636135101318
10700,0.9462172389030457
10750,1.0578449964523315
10800,1.0740009546279907
10850,1.0471384525299072
10900,0.9034276604652405
10950,1.168255090713501
11000,0.999363362789154
11050,1.045687198638916
11100,0.9728249907493591
11150,0.9338042736053467
11200,0.974125862121582
11250,0.91841059923172
11300,1.0416730642318726
11350,1.0589706897735596
11400,0.9498299360275269
11450,0.9898673295974731
11500,1.1887050867080688
11550,1.1102442741394043
11600,1.0733654499053955
11650,1.0965827703475952
11700,1.010994791984558
11750,1.013683557510376
11800,0.9816293716430664
11850,0.9837335348129272
11900,0.9252215623855591
11950,1.0878417491912842
12000,1.1590200662612915
12050,1.0152323246002197
12100,1.0691325664520264
12150,0.9502981901168823
12200,1.0497324466705322
12250,0.9997908473014832
12300,0.967292308807373
12350,0.9581156969070435
12400,0.9576398730278015
12450,0.8543132543563843
12500,0.8970150947570801
12550,1.0120505094528198
12600,0.877436101436615
12650,0.8360679149627686
12700,0.8060587644577026
12750,0.8261585235595703
12800,0.7595801949501038
12850,0.8140113353729248
12900,0.7251342535018921
12950,0.7585893869400024
13000,0.7817409038543701
13050,0.7149512767791748
13100,0.7048588991165161
13150,0.7437331676483154
13200,0.8105436563491821
13250,0.7866560220718384
13300,0.7862805128097534
13350,0.7748994827270508
13400,0.7098678946495056
13450,0.7442303895950317
13500,0.7433194518089294
13550,0.8745636940002441
13600,0.7999606132507324
13650,0.6723212003707886
13700,0.7408246397972107
13750,0.740833580493927
13800,0.7849365472793579
13850,0.7731724977493286
13900,0.7928224802017212
13950,0.770418107509613
14000,0.7385125160217285
14050,0.6451419591903687
14100,0.8343368768692017
14150,0.7744110822677612
14200,0.8400715589523315
14250,0.6961863040924072
14300,0.7790768146514893
14350,0.7182098627090454
14400,0.7634700536727905
14450,0.8217772245407104
14500,0.8158196210861206
14550,0.7638272047042847
14600,0.7450263500213623
14650,0.7441725730895996
14700,0.8497591018676758
14750,0.7022854089736938
14800,1.0513181686401367
14850,0.7686007022857666
14900,0.7912188768386841
14950,0.7523943781852722
15000,0.8041794300079346
15050,0.7144209742546082
15100,0.7189479470252991
15150,0.7776749134063721
15200,0.8042507171630859
15250,0.7249401807785034
15300,0.7230560779571533
15350,0.6421546936035156
15400,0.7490941286087036
15450,0.7664937973022461
15500,0.675049901008606
15550,0.70073401927948
15600,0.7365214824676514
15650,0.7397745251655579
15700,0.7192978858947754
15750,0.7304750680923462
15800,0.7546366453170776
15850,0.7167516350746155
15900,0.6472587585449219
15950,0.8137960433959961
16000,0.7475312948226929
16050,0.8214514851570129
16100,0.693783164024353
16150,0.72890704870224
16200,0.825627326965332
16250,0.7297928333282471
16300,0.6756159067153931
16350,0.6410781145095825
16400,0.7274596691131592
16450,0.7825422883033752
16500,0.7844120264053345
16550,0.7344865798950195
16600,0.7934114933013916
16650,0.7667929530143738
16700,0.798739492893219
16750,0.7044428586959839
16800,0.7821447849273682
16850,0.7433993220329285
16900,0.6914328932762146
16950,0.7651616334915161
17000,0.7181320190429688
17050,0.7863584756851196
17100,0.8001048564910889
17150,0.8167787194252014
17200,0.7006604671478271
17250,0.7244272232055664
17300,0.6757900714874268
17350,0.7835702896118164
17400,0.7968521118164062
17450,0.852973222732544
17500,1.147114634513855
17550,0.8039093017578125
17600,0.8690615892410278
17650,0.7085064649581909
17700,0.8480952382087708
17750,0.8626734614372253
17800,0.7084633111953735
17850,0.7265528440475464
17900,0.8984317779541016
17950,0.7433896064758301
18000,0.8434081077575684
18050,0.7260403633117676
18100,0.7354327440261841
18150,0.8143327832221985
18200,0.8462321758270264
18250,0.7261441946029663
18300,0.6401514410972595
18350,0.7303019762039185
18400,0.703893780708313
18450,0.8387201428413391
18500,0.7886468172073364
18550,0.7281194925308228
18600,0.6411626935005188
18650,0.7456328272819519
18700,0.7644387483596802
18750,0.8035253286361694
18800,0.7124332189559937
18850,0.7372636198997498
18900,0.7767378091812134
18950,0.7334293127059937
19000,0.7131909132003784
19050,0.752853512763977
19100,0.7896531224250793
19150,0.7877880930900574
19200,0.701008677482605
19250,0.7567070126533508
19300,0.7716814279556274
19350,0.771509051322937
19400,0.7939189672470093
19450,0.8304523229598999
19500,0.7230618000030518
19550,0.7610181570053101
19600,0.7094390392303467
19650,0.5905067920684814
19700,0.46922945976257324
19750,0.4228883385658264
19800,0.46957463026046753
19850,0.4509900212287903
19900,0.41939032077789307
19950,0.44422411918640137
